{
  "experiment_1": {
    "2": {
      "player1_wins": 20,
      "player2_wins": 0,
      "draws": 0,
      "player1_avg_time": 9.926453784660056,
      "player2_avg_time": 0.0029413067564672355,
      "player1_avg_nodes": 54.361111111111114,
      "player2_avg_nodes": 0.0,
      "total_games": 20
    },
    "3": {
      "player1_wins": 15,
      "player2_wins": 0,
      "draws": 0,
      "player1_avg_time": 61.55709339224774,
      "player2_avg_time": 0.0034854525611514135,
      "player1_avg_nodes": 369.1630434782609,
      "player2_avg_nodes": 0.0,
      "total_games": 15
    },
    "4": {
      "player1_wins": 10,
      "player2_wins": 0,
      "draws": 0,
      "player1_avg_time": 1794.4265517635622,
      "player2_avg_time": 0.004682689905166626,
      "player1_avg_nodes": 2450.1884057971015,
      "player2_avg_nodes": 0.0,
      "total_games": 10
    },
    "5": {
      "player1_wins": 8,
      "player2_wins": 0,
      "draws": 0,
      "player1_avg_time": 937.7501668601201,
      "player2_avg_time": 0.004763956423158999,
      "player1_avg_nodes": 15845.120689655172,
      "player2_avg_nodes": 0.0,
      "total_games": 8
    }
  },
  "experiment_2": {
    "2": {
      "player1_wins": 7,
      "player2_wins": 8,
      "draws": 0,
      "player1_avg_time": 4.230205829326923,
      "player2_avg_time": 7.897232740353315,
      "player1_avg_nodes": 25.851282051282052,
      "player2_avg_nodes": 43.184615384615384,
      "total_games": 15
    },
    "3": {
      "player1_wins": 5,
      "player2_wins": 5,
      "draws": 0,
      "player1_avg_time": 15.470511572701591,
      "player2_avg_time": 63.72635705130441,
      "player1_avg_nodes": 108.42857142857143,
      "player2_avg_nodes": 379.0,
      "total_games": 10
    },
    "4": {
      "player1_wins": 4,
      "player2_wins": 4,
      "draws": 0,
      "player1_avg_time": 1531.9806765764952,
      "player2_avg_time": -1183.3564769476652,
      "player1_avg_nodes": 366.125,
      "player2_avg_nodes": 1683.21875,
      "total_games": 8
    },
    "5": {
      "player1_wins": 3,
      "player2_wins": 3,
      "draws": 0,
      "player1_avg_time": -2666.282694749158,
      "player2_avg_time": 4669.648830336754,
      "player1_avg_nodes": 1418.3333333333333,
      "player2_avg_nodes": 10993.121212121212,
      "total_games": 6
    }
  },
  "experiment_3": {
    "1000": {
      "player1_wins": 7,
      "player2_wins": 0,
      "draws": 1,
      "player1_avg_time": 6898.873434510342,
      "player2_avg_time": -3731.75750541687,
      "player1_avg_nodes": 12137.992248062015,
      "player2_avg_nodes": 357.536,
      "total_games": 8
    },
    "2000": {
      "player1_wins": 7,
      "player2_wins": 1,
      "draws": 0,
      "player1_avg_time": 11606.56979149335,
      "player2_avg_time": -4581.108505075628,
      "player1_avg_nodes": 36569.75342465754,
      "player2_avg_nodes": 327.44055944055947,
      "total_games": 8
    }
  }
}